<?xml version="1.0" encoding="UTF-8" standalone="yes"?>
<addon id="plugin.video.flixtv"
       name="Flix TV"
       version="0.1"
       provider-name="rydc721">
  <requires>
    <import addon="xbmc.python" version="2.1.0"/>
    <import addon="script.module.beautifulsoup" version="3.2.1"/>
    <import addon="script.module.simple.downloader" version="0.9.4"/>
    <import addon="script.module.beautifulsoup4" />
    <import addon="script.module.simple.downloader" version="0.9.4"/>
    <import addon="script.module.requests" />
    <import addon="script.module.httplib2" />
    <import addon="script.module.youtube.dl" optional="true"/>
    <import addon="plugin.video.youtube" />
    <import addon="script.module.urlresolver" optional="true"/>
    <import addon="script.module.simplejson" />    
  </requires>
  <extension point="xbmc.python.pluginsource" library="default.py">
    <provides>video</provides>
  </extension>
  <extension point="xbmc.addon.metadata">
    <summary>Estor es un Fork de cCloud tv</summary>
    <description>Gracias a Podgod</description>
	<license>http://www.gnu.org/licenses/</license>
    <forum></forum>
    <website></website>
    <website></website>
    <website></website>
    <email></email>
    <platform>all</platform>
  </extension>
</addon>